start_time,total_cycles,fps,fps_r,config.simulation.dataset,config.simulation.scene,config.hardware.udpe.skip_enabled,config.hardware.memory.read_latency_hiding_rate,config.hardware.wbs.scheduling_mode,config.hardware.wbs.window_size_k,config.algorithm.foveated_enabled,config.algorithm.early_stop_ratio,preprocess_cycles,sort_cycles,rasterize_cycles,module_utilization.fre
2026-03-18T04:21:13.004087,12835116.375,311.6450122564627,155.82250612823134,dynerf,flame_steak,False,0.2,default_fifo,4,False,0.5,9250848.0,5733895.0,10116993.75,0.7867973801289355
2026-03-18T05:48:31.434414,24301580.75,164.59834613845027,82.29917306922513,dynerf,sear_steak,False,0.2,default_fifo,4,False,0.5,9622592.0,9303810.0,21655358.75,0.8898117152317344,0.0
2026-03-18T05:52:22.011846,24880220.0,160.77028257788717,80.38514128894359,dynerf,sear_steak,True,0.2,default_fifo,4,False,0.5,5318976.0,9298730.0,23313070.0,0.9365498853104997,0.0
2026-03-18T07:59:54.247034,24880220.0,160.77028257788717,80.38514128894359,dynerf,sear_steak,True,0.2,default_fifo,4,False,0.5,5318976.0,9298730.0,23313070.0,0.9365498853104997,0.0
2026-03-18T08:02:12.542459,24301580.75,164.59834613845027,82.29917306922513,dynerf,sear_steak,False,0.2,default_fifo,4,False,0.5,9622592.0,9303810.0,21655358.75,0.8898117152317344,0.0
2026-03-18T08:26:40.354580,24301580.75,164.59834613845027,82.29917306922513,dynerf,sear_steak,False,0.2,default_fifo,4,False,0.5,9622592.0,9303810.0,21655358.75,0.8898117152317344,0.0
2026-03-18T08:29:51.783734,24880220.0,160.77028257788717,80.38514128894359,dynerf,sear_steak,True,0.2,default_fifo,4,False,0.5,5318976.0,9298730.0,23313070.0,0.9365498853104997,0.0
2026-03-18T08:42:59.304989,49940917.5,80.09464383588868,40.04732191794434,dynerf,sear_steak,True,0.2,default_fifo,4,False,0.5,5318976.0,9298730.0,48373767.5,0.9683989273424942,0.0
2026-03-18T08:44:19.762542,51019879.5,78.40081237353765,39.200406186768824,dynerf,sear_steak,False,0.2,default_fifo,4,False,0.5,9622592.0,9303810.0,48373657.5,0.9479193485257056,0.0
